PLAYER NAME,POS,TEAM,RK
Christian McCaffrey,RB1,SF,1
CeeDee Lamb,WR1,DAL,2
Tyreek Hill,WR2,MIA,3
Ja'Marr Chase,WR3,CIN,4
Amon-Ra St. Brown,WR4,DET,5
Bijan Robinson,RB2,ATL,5
Breece Hall,RB3,NYJ,7
Justin Jefferson,WR5,MIN,8
A.J. Brown,WR6,PHI,9
Garrett Wilson,WR7,NYJ,10
Jonathan Taylor,RB4,IND,10
Davante Adams,WR8,LV,13
Jahmyr Gibbs,RB5,DET,13
Saquon Barkley,RB6,PHI,14
Kyren Williams,RB7,LAR,16
Marvin Harrison Jr.,WR9,ARI,14
Puka Nacua,WR10,LAR,15
Chris Olave,WR11,NO,20
Derrick Henry,RB8,BAL,19
Travis Etienne Jr.,RB9,JAC,21
Drake London,WR12,ATL,21
De'Von Achane,RB10,MIA,22
Mike Evans,WR13,TB,24
Sam LaPorta,TE1,DET,26
Nico Collins,WR14,HOU,27
Travis Kelce,TE2,KC,29
Josh Allen,QB1,BUF,21
Deebo Samuel Sr.,WR15,SF,28
Jalen Hurts,QB2,PHI,31
Jaylen Waddle,WR16,MIA,29
Cooper Kupp,WR17,LAR,30
Isiah Pacheco,RB11,KC,23
Brandon Aiyuk,WR18,SF,31
DJ Moore,WR19,CHI,35
Patrick Mahomes II,QB3,KC,33
Lamar Jackson,QB4,BAL,36
DK Metcalf,WR20,SEA,36
Rachaad White,RB12,TB,33
Malik Nabers,WR21,NYG,37
Josh Jacobs,RB13,GB,36
DeVonta Smith,WR22,PHI,38
Kenneth Walker III,RB14,SEA,40
Michael Pittman Jr.,WR23,IND,39
James Cook,RB15,BUF,43
Amari Cooper,WR24,CLE,43
Joe Mixon,RB16,HOU,44
Tee Higgins,WR25,CIN,48
Alvin Kamara,RB17,NO,50
Trey McBride,TE3,ARI,47
Stefon Diggs,WR26,HOU,51
Christian Kirk,WR27,JAC,53
C.J. Stroud,QB5,HOU,50
Zay Flowers,WR28,BAL,57
Mark Andrews,TE4,BAL,49
George Pickens,WR29,PIT,58
Terry McLaurin,WR30,WAS,59
Tank Dell,WR31,HOU,60
David Montgomery,RB18,DET,56
Anthony Richardson,QB6,IND,54
Rhamondre Stevenson,RB19,NE,58
James Conner,RB20,ARI,60
Rashee Rice,WR32,KC,64
Kyler Murray,QB7,ARI,56
Aaron Jones,RB21,MIN,62
Dalton Kincaid,TE5,BUF,58
Calvin Ridley,WR33,TEN,65
Najee Harris,RB22,PIT,70
Joe Burrow,QB8,CIN,62
Dak Prescott,QB9,DAL,64
Kyle Pitts,TE6,ATL,69
George Kittle,TE7,SF,76
Diontae Johnson,WR34,CAR,70
Jordan Love,QB10,GB,68
Keenan Allen,WR35,CHI,73
D'Andre Swift,RB23,CHI,71
Javonte Williams,RB24,DEN,74
Chris Godwin,WR36,TB,77
Raheem Mostert,RB25,MIA,76
Zamir White,RB26,LV,78
Tony Pollard,RB27,TEN,79
Brian Robinson Jr.,RB28,WAS,83
Jaylen Warren,RB29,PIT,87
Brock Purdy,QB11,SF,81
DeAndre Hopkins,WR37,TEN,89
Evan Engram,TE8,JAC,84
Devin Singletary,RB30,NYG,91
Jayden Daniels,QB12,WAS,82
Hollywood Brown,WR38,KC,90
Jake Ferguson,TE9,DAL,89
Jordan Addison,WR39,MIN,93
Jayden Reed,WR40,GB,94
Jaxon Smith-Njigba,WR41,SEA,95
Caleb Williams,QB13,CHI,91
David Njoku,TE10,CLE,97
Tyjae Spears,RB31,TEN,95
Zack Moss,RB32,CIN,100
Jonathon Brooks,RB33,CAR,101
Xavier Worthy,WR42,KC,97
Christian Watson,WR43,GB,99
Jared Goff,QB14,DET,96
Tua Tagovailoa,QB15,MIA,102
Trevor Lawrence,QB16,JAC,109
Dallas Goedert,TE11,PHI,110
Rome Odunze,WR44,CHI,100
Austin Ekeler,RB34,WAS,110
Pat Freiermuth,TE12,PIT,116
Courtland Sutton,WR45,DEN,105
Chase Brown,RB35,CIN,111
Brian Thomas Jr.,WR46,JAC,108
Ladd McConkey,WR47,LAC,111
Tyler Lockett,WR48,SEA,114
Nick Chubb,RB36,CLE,113
Jerome Ford,RB37,CLE,114
Gus Edwards,RB38,LAC,115
Blake Corum,RB39,LAR,120
Brock Bowers,TE13,LV,117
Justin Herbert,QB17,LAC,116
Dalton Schultz,TE14,HOU,131
Kirk Cousins,QB18,ATL,119
Jakobi Meyers,WR49,LV,115
Matthew Stafford,QB19,LAR,122
Jameson Williams,WR50,DET,118
Keon Coleman,WR51,BUF,125
Curtis Samuel,WR52,BUF,128
Josh Downs,WR53,IND,132
Joshua Palmer,WR54,LAC,133
Mike Williams,WR55,NYJ,137
Romeo Doubs,WR56,GB,138
Zach Charbonnet,RB40,SEA,122
Ezekiel Elliott,RB41,DAL,124
Aaron Rodgers,QB20,NYJ,127
Trey Benson,RB42,ARI,130
Brandin Cooks,WR57,DAL,140
Ty Chandler,RB43,MIN,132
Rashid Shaheed,WR58,NO,142
Chuba Hubbard,RB44,CAR,136
Deshaun Watson,QB21,CLE,135
Geno Smith,QB22,SEA,136
Cole Kmet,TE15,CHI,141
Rico Dowdle,RB45,DAL,137
Baker Mayfield,QB23,TB,138
Tyler Allgeier,RB46,ATL,138
Antonio Gibson,RB47,NE,140
Jerry Jeudy,WR59,CLE,150
T.J. Hockenson,TE16,MIN,142
Ray Davis,RB48,BUF,145
Luke Musgrave,TE17,GB,148
J.K. Dobbins,RB49,LAC,147
Gabe Davis,WR60,JAC,153
Khalil Shakir,WR61,BUF,155
Jaleel McLaughlin,RB50,DEN,152
Hunter Henry,TE18,NE,153
Tyler Conklin,TE19,NYJ,156
Taysom Hill,TE20,NO,162
Will Levis,QB24,TEN,150
Adam Thielen,WR62,CAR,163
Dontayvion Wicks,WR63,GB,164
Khalil Herbert,RB51,CHI,156
MarShawn Lloyd,RB52,GB,158
Jahan Dotson,WR64,PHI,166
DeMario Douglas,WR65,NE,170
Adonai Mitchell,WR66,IND,172
Michael Wilson,WR67,ARI,174
Ja'Lynn Polk,WR68,NE,177
Kendre Miller,RB53,NO,159
Jaylen Wright,RB54,MIA,160
Rashod Bateman,WR69,BAL,181
Cade Otton,TE21,TB,167
Derek Carr,QB25,NO,176
Baltimore Ravens,DST1,BAL,155
Darnell Mooney,WR70,ATL,183
Chigoziem Okonkwo,TE22,TEN,173
Xavier Legette,WR71,CAR,185
Braelon Allen,RB55,NYJ,165
Daniel Jones,QB26,NYG,178
Bryce Young,QB27,CAR,217
Bucky Irving,RB56,TB,183
Alexander Mattison,RB57,LV,190
Wan'Dale Robinson,WR72,NYG,187
New York Jets,DST2,NYJ,166
San Francisco 49ers,DST3,SF,170
Noah Fant,TE23,SEA,181
Dallas Cowboys,DST4,DAL,172
Jermaine Burton,WR73,CIN,193
Bo Nix,QB28,DEN,230
Jonnu Smith,TE24,MIA,189
Cleveland Browns,DST5,CLE,173
Demarcus Robinson,WR74,LAR,198
Marvin Mims Jr.,WR75,DEN,199
Pittsburgh Steelers,DST6,PIT,176
Kansas City Chiefs,DST7,KC,181
Darius Slayton,WR76,NYG,201
Buffalo Bills,DST8,BUF,185
Justin Tucker,K1,BAL,177
Brandon Aubrey,K2,DAL,179
Juwan Johnson,TE25,NO,197
Houston Texans,DST9,HOU,188
Roschon Johnson,RB58,CHI,193
Harrison Butker,K3,KC,189
Ricky Pearsall,WR77,SF,207
Ka'imi Fairbairn,K4,HOU,193
Jason Sanders,K5,MIA,194
Jalin Hyatt,WR78,NYG,215
Tyrone Tracy Jr.,RB59,NYG,196
Jake Elliott,K6,PHI,196
Javon Baker,WR79,NE,216
New Orleans Saints,DST10,NO,191
Jake Moody,K7,SF,197
Elijah Mitchell,RB60,SF,202
Younghoe Koo,K8,ATL,200
Russell Wilson,QB29,PIT,233
Kimani Vidal,RB61,LAC,207
Elijah Moore,WR80,CLE,217
Tyler Bass,K9,BUF,209
Philadelphia Eagles,DST11,PHI,204
Chicago Bears,DST12,CHI,210
Isaiah Likely,TE26,BAL,211
Mike Gesicki,TE27,CIN,212
Ben Sinnott,TE28,WAS,214
Evan McPherson,K10,CIN,211
Matt Gay,K11,IND,218
Indianapolis Colts,DST13,IND,215
Quentin Johnston,WR81,LAC,218
Dameon Pierce,RB62,HOU,208
Tank Bigsby,RB63,JAC,214
Cameron Dicker,K12,LAC,222
AJ Dillon,RB64,GB,216
Jalen McMillan,WR82,TB,220
Kenneth Gainwell,RB65,PHI,218
Jacksonville Jaguars,DST14,JAC,233
Sam Darnold,QB30,MIN,245
Tyler Boyd,WR83,TEN,223
Audric Estime,RB66,DEN,235
Justice Hill,RB67,BAL,239
Colby Parkinson,TE29,LAR,236
Kendrick Bourne,WR84,NE,234
Cairo Santos,K13,CHI,234
D'Onta Foreman,RB68,CLE,243
Greg Dortch,WR85,ARI,235
Detroit Lions,DST15,DET,246
Miles Sanders,RB69,CAR,255
Justin Fields,QB31,PIT,256
Clyde Edwards-Helaire,RB70,KC,258
Roman Wilson,WR86,PIT,239
Troy Franklin,WR87,DEN,244
Jason Myers,K14,SEA,248
Tucker Kraft,TE30,GB,245
Drake Maye,QB32,NE,264
Dustin Hopkins,K15,CLE,250
Andrei Iosivas,WR88,CIN,246
Keaton Mitchell,RB71,BAL,261
Jamaal Williams,RB72,NO,262
DJ Chark Jr.,WR89,LAC,248
Michael Mayer,TE31,LV,260
Treylon Burks,WR90,TEN,250
Gardner Minshew II,QB33,LV,275
Devontez Walker,WR91,BAL,253
Zach Ertz,TE32,WAS,262
Greg Dulcich,TE33,DEN,270
Trey Sermon,RB73,IND,263
Samaje Perine,RB74,DEN,264
Zay Jones,WR92,ARI,255
Jonathan Mingo,WR93,CAR,257
Ja'Tavion Sanders,TE34,CAR,271
Jordan Mason,RB75,SF,266
Will Shipley,RB76,PHI,267
Dylan Laube,RB77,LV,290
Miami Dolphins,DST16,MIA,254
Tyler Higbee,TE35,LAR,279
Minnesota Vikings,DST17,MIN,262
Aidan O'Connell,QB34,LV,311
Jalen Tolbert,WR94,DAL,261
Malachi Corley,WR95,NYJ,262
Green Bay Packers,DST18,GB,263
Odell Beckham Jr.,WR96,MIA,272
Eric Gray,RB78,NYG,296
Luke McCaffrey,WR97,WAS,273
K.J. Osborn,WR98,NE,276
Hayden Hurst,TE36,LAC,287
A.T. Perry,WR99,NO,282
Daniel Carlson,K16,LV,263
Cincinnati Bengals,DST19,CIN,278
Las Vegas Raiders,DST20,LV,294
Trey Palmer,WR100,TB,283
Dawson Knox,TE37,BUF,289
Alec Pierce,WR101,IND,287
Noah Brown,WR102,HOU,293
Blake Grupe,K17,NO,269
Jelani Woods,TE38,IND,290
Tampa Bay Buccaneers,DST21,TB,307
Jacoby Brissett,QB35,NE,344
Josh Reynolds,WR103,DEN,294
Cedric Tillman,WR104,CLE,303
Los Angeles Chargers,DST22,LAC,330
Ty Johnson,RB79,BUF,305
Gerald Everett,TE39,CHI,293
Kalif Raymond,WR105,DET,314
Isaac Guerendo,RB80,SF,311
Tre Tucker,WR106,LV,318
Theo Johnson,TE40,NYG,300
Evan Hull,RB81,IND,313
Jeff Wilson Jr.,RB82,MIA,319
Denver Broncos,DST23,DEN,337
Nelson Agholor,WR107,BAL,322
Brenden Rice,WR108,LAC,323
D'Ernest Johnson,RB83,JAC,320
Daniel Bellinger,TE41,NYG,307
Tim Patrick,WR109,DEN,324
New York Giants,DST24,NYG,349
New England Patriots,DST25,NE,356
Kadarius Toney,WR110,KC,325
Deneric Prince,RB84,KC,321
Deuce Vaughn,RB85,DAL,324
Chase Edmonds,RB86,TB,325
Jacob Cowing,WR111,SF,326
Parris Campbell,WR112,PHI,327
Allen Lazard,WR113,NYJ,329
Dyami Brown,WR114,WAS,330
Emari Demercado,RB87,ARI,326
Jauan Jennings,WR115,SF,334
Robert Woods,WR116,HOU,336
Chris Rodriguez Jr.,RB88,WAS,327
Rasheen Ali,RB89,BAL,329
Tutu Atwell,WR117,LAR,337
Michael Carter,RB90,ARI,332
Cordarrelle Patterson,RB91,PIT,334
Tyler Scott,WR118,CHI,338
Michael Penix Jr.,QB36,ATL,358
Jordan Whittington,WR119,LAR,340
Greg Zuerlein,K18,NYJ,285
Chase McLaughlin,K19,TB,316
Jalen Nailor,WR120,MIN,343
Michael Thomas,WR121,FA,344
Matt Prater,K20,ARI,322
Pierre Strong Jr.,RB92,CLE,336
Kylen Granson,TE41,IND,307
Sam Howell,QB37,SEA,373
Calvin Austin III,WR122,PIT,347
Israel Abanikanda,RB93,NYJ,337
Kareem Hunt,RB94,FA,341
Ray-Ray McCloud III,WR123,ATL,348
John Metchie III,WR124,HOU,349
Royce Freeman,RB95,DAL,342
Mack Hollins,WR125,BUF,350
Isaiah Davis,RB96,NYJ,349
Jawhar Jordan,RB97,HOU,353
Donovan Peoples-Jones,WR126,DET,355
Drew Lock,QB38,NYG,380
Marquez Valdes-Scantling,WR127,BUF,360
Cam Akers,RB98,HOU,354
Will Dissly,TE42,LAC,336
Noah Gray,TE44,KC,352
Malik Washington,WR128,MIA,362
Craig Reynolds,RB99,DET,357
Seattle Seahawks,DST26,SEA,374
Chris Boswell,K21,PIT,326
Jake Browning,QB39,CIN,384
Tyquan Thornton,WR129,NE,364
Brandon Powell,WR130,MIN,366
Johnny Wilson,WR131,PHI,373
Isaiah Spiller,RB100,LAC,365
Zach Wilson,QB40,DEN,387
Jake Bates,K22,DET,359
Cam Little,K23,JAC,361
Ronnie Rivers,RB101,LAR,366
Johnny Mundt,TE45,MIN,366
Bo Melton,WR132,GB,377
Atlanta Falcons,DST27,ATL,395
Donald Parham Jr.,TE46,LAC,369
Will Reichard,K24,MIN,362
Josh Whyle,TE47,TEN,371
Tommy Tremble,TE48,CAR,372
Nick Westbrook-Ikhine,WR133,TEN,380
Wil Lutz,K25,DEN,372
JuJu Smith-Schuster,WR134,FA,393
Kyle Philips,WR135,TEN,397
Blake Watson,RB102,DEN,367
Tyrod Taylor,QB41,NYJ,390
Ameer Abdullah,RB103,LV,371
Nyheim Hines,RB104,CLE,377
Van Jefferson,WR136,PIT,398
Xavier Gipson,WR137,NYJ,399
Jase McClellan,RB105,ATL,384
Jeremy Ruckert,TE49,NYJ,384
Jarrett Stidham,QB42,DEN,391
Brevin Jordan,TE50,HOU,386
Austin Hooper,TE51,NE,387
Allen Robinson II,WR138,NYG,400
Joe Flacco,QB43,IND,392
Tanner Hudson,TE52,CIN,390
Mac Jones,QB44,JAC,395
Foster Moreau,TE53,NO,392
Trayveon Williams,RB106,CIN,388
Skyy Moore,WR139,KC,401
Kyle Juszczyk,RB94,SF,340
Ryan Flournoy,WR140,DAL,402
Parker Washington,WR141,JAC,403
Josh Oliver,TE54,MIN,398
Erick All Jr.,TE55,CIN,399
Darnell Washington,TE56,PIT,400
Mo Alie-Cox,TE57,IND,401
Kevin Harris,RB98,NE,350
Trenton Irwin,WR142,CIN,404
Alec Ingold,RB105,MIA,383
Malik Davis,RB106,DAL,393
Latavius Murray,RB108,FA,402
Elijah Higgins,TE58,ARI,407
Carson Steele,RB109,KC,404
Cole Turner,TE59,WAS,409
Kene Nwangwu,RB110,MIN,405
Jaheim Bell,TE60,NE,411
Sione Vaki,RB111,DET,406
Mecole Hardman Jr.,WR143,KC,406
Jaret Patterson,RB112,LAC,408
Adam Trautman,TE61,DEN,415
Olamide Zaccheaus,WR144,WAS,408
Jameis Winston,QB38,CLE,348
Drew Sample,TE62,CIN,418
Cade Stover,TE63,HOU,419
Justin Watson,WR122,KC,338
